不可重复,假名,"如果有的话, 给出汉字",中文翻译,连到例子表,使用声音文件,声音开始时间,声音结束时间,来源
id,kana,kanji,chinese,example_id,sound_file,sound_start,sound_end,book_id
int,string,string,string,int[],string,float,float,int
1,いっか,一家,一家子，全家,[1],res://assets/sounds/Chapter1_Section1.mp3,0,1.67,1
2,ありがたい,ありがたい,值得感恩的，难得的,[2],res://assets/sounds/Chapter1_Section1.mp3,6.78,8.85,1
3,むきあう,向き合う,直面，面对面,[3],res://assets/sounds/Chapter1_Section1.mp3,13.67,15.29,1
4,つくづく[と],つくづく[と],痛感，深切地感到,[4],res://assets/sounds/Chapter1_Section1.mp3,19.56,23.12,1
5,やしなう,養う,养育，供养,[5],res://assets/sounds/Chapter1_Section1.mp3,28.75,30.71,1
6,やくめ,役目,职责，任务,[6],res://assets/sounds/Chapter1_Section1.mp3,36.86,38.9,1
7,あまえる,甘える,撒娇，受宠,[7],res://assets/sounds/Chapter1_Section1.mp3,43.13,45.32,1
8,せけんしらず,世間知らず,不谙世故，缺乏社会经验,[8],res://assets/sounds/Chapter1_Section1.mp3,50.6,52.86,1
9,しつけ,しつけ,教养、管教,[9],res://assets/sounds/Chapter1_Section1.mp3,58.09,60.18,1
10,いいつける,言いつける,告发、打小报告,[10],res://assets/sounds/Chapter1_Section1.mp3,64.29,66.26,1
11,じりつ(する),自立(する),自立,[11],res://assets/sounds/Chapter1_Section1.mp3,71.64,73.45,1
12,いいだす,言い出す,提出，说出口,[12],res://assets/sounds/Chapter1_Section1.mp3,78.32,80.33,1
13,いし,意思,想法、打算、意思,[13],res://assets/sounds/Chapter1_Section1.mp3,86.05,87.85,1
14,そんちょう(する),尊重(する),尊重,[14],res://assets/sounds/Chapter1_Section1.mp3,93.12,95.27,1
15,せっとく(する),説得(する),说服、劝导,[15],res://assets/sounds/Chapter1_Section1.mp3,100.66,102.8,1
16,なっとく(する),納得(する),同意、认同,[16],res://assets/sounds/Chapter1_Section1.mp3,109.96,112.12,1
17,さからう,逆らう,违抗，逆（方向），反,"[17, 18]",res://assets/sounds/Chapter1_Section1.mp3,117.51,119.48,1
18,はんせい(する),反省(する),反省,[19],res://assets/sounds/Chapter1_Section1.mp3,127.57,129.81,1
19,ほうっておく,放っておく,搁置，放着不管,[20],res://assets/sounds/Chapter1_Section1.mp3,135.74,138.1,1
20,かいご(する),介護(する),护理，照顾,[21],res://assets/sounds/Chapter1_Section1.mp3,143.82,145.7,1
21,ホームヘルパー,ホームヘルパー,家庭护理人员,[22],res://assets/sounds/Chapter1_Section1.mp3,150.41,152.7,1
22,せだい,世代,世代，辈分,[23],res://assets/sounds/Chapter1_Section1.mp3,157.3,159.44,1
23,つぐ,継ぐ,继承,[24],res://assets/sounds/Chapter1_Section1.mp3,164.27,166.26,1
24,にんしん(する),妊娠(する),怀孕，妊婦,[25],res://assets/sounds/Chapter1_Section1.mp3,171.27,173.15,1
25,しゅっさん(する),出産(する),生育，分娩,[26],res://assets/sounds/Chapter1_Section1.mp3,177.16,179.27,1
26,うむ,産む,生，分娩,[27],res://assets/sounds/Chapter1_Section1.mp3,184.56,186.26,1
27,ゆうじん,友人,朋友，友人,[28],,0,0,1
28,なか,仲,关系,[29],,0,0,1
29,えん,縁,缘，缘分,[30],,0,0,1
30,ニックネーム,ニックネーム,小名,[31],,0,0,1
31,たいはん,大半,大半，大部分,[32],,0,0,1
32,めぐまれる,恵まれる,受恩惠，富足,[33],,0,0,1
33,たよる,頼る,依靠，依赖,[34],,0,0,1
34,たのもしい,頼もしい,可靠的，有出息,[35],,0,0,1
35,みならう,見習う,学习，以…为榜样,[36],,0,0,1
36,うちあける,打ち明ける,吐露，坦言,[37],,0,0,1
37,はげます,励ます,鼓励,[38],,0,0,1
38,あえて,あえて,硬是，敢于,[39],,0,0,1
39,なぐさめる,なぐさめる,安慰,[40],,0,0,1
40,さっする,察する,揣测，察知,[41],,0,0,1
41,おもいやり,思いやり,体谅，体贴,[42],,0,0,1
42,なにげない,何気ない,坦然自若，没有特别的企图,[43],,0,0,1
43,からかう,からかう,嘲弄，开玩笑,[44],,0,0,1
44,かんじ,幹事,干事，负责人,[45],,0,0,1
45,よびだす,呼び出す,叫出来，传唤,[46],,0,0,1
46,もりあがる,盛り上がる,气氛高涨 / 凸起，隆起,"[47, 48]",,0,0,1
47,あきれる,あきれる,吃惊，厌烦,[49],,0,0,1
48,ふざける,ふざける,"开玩笑, 打闹，嘲弄",[50],,0,0,1
49,ひさしい,久しい,许久，久违,[51],,0,0,1
50,しょたいめん,初対面,初次见面，第一次见面,[52],,0,0,1
51,じこしょうかい,自己紹介,自我介绍,[53],,0,0,1
52,おじぎ〈する〉,おじぎ〈する〉,鞠躬，行礼，点头寒暄,[54],,0,0,1
53,きんじょづきあい,近所付き合い,和邻居相处,[55],,0,0,1
54,おおや,大家,房东,[56],,0,0,1
55,かいぬし,飼い主,饲养主,[57],,0,0,1
56,かわす,交わす,交换，相交,[58],,0,0,1
57,よびとめる,呼び止める,叫停，叫住,[59],,0,0,1
58,ふりかえる,振り返る,回头／回顾，回忆,"[60, 61]",,0,0,1
59,さいかい〈する〉,再会〈する〉,再相见,[62],,0,0,1
60,おぼえ,覚え,记忆,[63],,0,0,1
61,こころあたり,心当たり,线索，猜想,[64],,0,0,1
62,むすびつく,結びつく,关联，结合,[65],,0,0,1
63,とっさ［に］,とっさ［に］,猛然间，刹那间,[66],,0,0,1
64,てっきり,てっきり,以为一定,[67],,0,0,1
65,おもいこむ,思い込む,以为,[68],,0,0,1
66,コミュニケーション,コミュニケーション,交流，沟通,[69],,0,0,1
67,ネットワーク,ネットワーク,网络,[70],,0,0,1
68,ちょくせつ,直接,直接,[71],,0,0,1
69,せっする,接する,交往，打交道／相连，相接,"[72, 73]",,0,0,1
70,まねく,招く,邀请，招呼／招致，招来,"[74, 75]",,0,0,1
71,きくばり〈する〉,気配り〈する〉,照顾，用心周到,[76],,0,0,1
72,こめる,込める,倾注，怀着,[77],,0,0,1
73,どうき,同期,同期，同时期进入公司同事,[78],,0,0,1
74,ぐち,ぐち,牢骚,[79],,0,0,1
75,おおいに,大いに,非常，很,[80],,0,0,1
76,カップル,カップル,情侣，一对,[81],,0,0,1
77,あい,愛,爱意，爱,[82],,0,0,1
78,どうし,同士,同伴，同行,[83],,0,0,1
79,［お］たがい［に］,［お］互い［に］,互相,"[84, 85]",,0,0,1
80,つりあう,つり合う,均衡，相当，和谐,[86],,0,0,1
81,むしろ,むしろ,比起…更，与其…不如,[87],,0,0,1
82,いわば,いわば,可以说是，换言之,[88],,0,0,1
83,しせん,視線,视线,[89],,0,0,1
84,みつめる,見つめる,凝视、注视,[90],,0,0,1
85,そらす,そらす,移开(视线),[91],,0,0,1
86,ちらっと,ちらっと,一扫、一瞥、一闪,[92],,0,0,1
87,もしかすると,もしかすると,也许、或许,[93],,0,0,1
88,さぐる,探る,试探／摸、掏,"[94, 95]",,0,0,1
89,しめす,示す,表露／举出，示出,"[96, 97]",,0,0,1
90,こうじつ,口実,借口,[98],,0,0,1
91,うつむく,うつむく,低下头,[99],,0,0,1
92,こそこそ〈する〉,こそこそ〈する〉,偷偷摸摸,[100],,0,0,1
93,ささやく,ささやく,喃喃细语,[101],,0,0,1
94,きんもつ,禁物,忌讳，禁忌,[102],,0,0,1
95,ゆるす,許す,原谅,[103],,0,0,1
96,ごうコン,合コン,联谊,[104],,0,0,1
97,アプローチ〈する〉,アプローチ〈する〉,接近,[105],,0,0,1
98,うんめい,運命,命运,[106],,0,0,1
99,けつい〈する〉,決意〈する〉,决意,[107],,0,0,1
100,プロポーズ〈する〉,プロポーズ〈する〉,求婚,[108],,0,0,1
101,ちかう,誓う,发誓,[109],,0,0,1
102,はなよめ,花嫁,新娘,[110],,0,0,1
103,ささいな,ささいな,小小的，微不足道,[111],,0,0,1
104,さける,避ける,避开，避免,[112],,0,0,1
105,ごかい〈する〉,誤解〈する〉,误解，误会,[113],,0,0,1
106,かんちがい〈する〉,勘違い〈する〉,错误判断，误解,[114],,0,0,1
107,いいわけ〈する〉,言い訳〈する〉,借口，辩解,[115],,0,0,1
108,きっぱり［と］,きっぱり［と］,断然，干脆,[116],,0,0,1
109,ばかにする,ばかにする,欺负，贬低，轻视,[117],,0,0,1
110,いやみ〈な〉,いやみ〈な〉,令人不愉快的,[118],,0,0,1
111,せめる,責める,责备,[119],,0,0,1
112,けなす,貶す,"贬低,诽谤",[120],,0,0,1
113,だまる,黙る,沉默,[121],,0,0,1
114,にらむ,にらむ,怒目而视，瞪眼,[122],,0,0,1
115,うらぎる,裏切る,背叛,[123],,0,0,1
116,だます,だます,欺骗,[124],,0,0,1
117,せい,せい,(不好的)缘故，原因,[125],,0,0,1
118,こうい,行為,行为,[126],,0,0,1
119,こうろん〈する〉,口論〈する〉,口角，争吵,[127],,0,0,1
120,どなる,怒鳴る,吼叫，生气,[128],,0,0,1
121,なぐる,殴る,揍，殴打,[129],,0,0,1
122,かしかり〈する〉,貸し借り〈する〉,借来借去,[130],,0,0,1
123,ばらす,ばらす,泄露，散布／拆开,"[131, 132]",,0,0,1
124,きまずい,気まずい,尴尬,[133],,0,0,1
125,いまさら,今さら,现在才，事到如今,[134],,0,0,1
126,だいなし,台無し,糟蹋，白费,[135],,0,0,1
127,うらむ,うらむ,怨恨,[136],,0,0,1
128,おいだす,追い出す,逐出，赶出,[137],,0,0,1
129,なかまはずれ,仲間外れ,被删除，被排挤,[138],,0,0,1
130,あいつ,あいつ,那个家伙,[139],,0,0,1
131,たにん,他人,别人,[140],,0,0,1
132,ひとりずまい,一人住まい,一个人住,[141],,0,0,1
133,ちんたい,賃貸,租赁、出租,[143],,0,0,1
134,しききん,敷金,押金,[144],,0,0,1
135,こうしん〈する〉,更新〈する〉,更新,[145],,0,0,1
136,ローン,ローン,贷款,[146],,0,0,1
137,きまり,決まり,规定,[147],,0,0,1
138,いっこだて,一戸建て,独门独户,[148],,0,0,1
139,マイホーム,マイホーム,属于自己的家,[149],,0,0,1
140,わがや,我が家,自己的家,[150],,0,0,1
141,かおく,家屋,房屋，屋宅,[151],,0,0,1
142,やね,屋根,屋顶,[152],,0,0,1
143,せんめんじょ,洗面所,洗手间,[153],,0,0,1
144,ものおき,物置,库房,[154],,0,0,1
145,まどり,間取り,房间布局,[155],,0,0,1
146,くうかん,空間,空间,[156],,0,0,1
147,おく,奥,"深处/后面,里屋","[157, 158]",,0,0,1
148,てまえ,手前,跟前，靠近自己这边,[159],,0,0,1
149,みなみむき,南向き,朝南,[160],,0,0,1
150,ぬくもり,温もり,温暖，暖意,[161],,0,0,1
151,がんじょう,頑丈,结实,[162],,0,0,1
152,てんけん〈する〉,点検〈する〉,检查,[163],,0,0,1
153,ていし〈する〉,停止〈する〉,停止,[164],,0,0,1
154,ものおと,物音,声响、声音,[165],,0,0,1
155,ぼうはん,防犯,防盗,[166],,0,0,1
156,ぞっと〈する〉,ぞっと〈する〉,毛骨悚然、害怕,[167],,0,0,1
157,けいび〈する〉,警備〈する〉,警备、安保,[168],,0,0,1
158,しんちく〈する〉,新築〈する〉,新建公寓,[169],,0,0,1
159,しゅうにゅう,収入,收入,[170],,0,0,1
160,ごく,ごく,极，非常,[171],,0,0,1
161,せいぜい,せいぜい,最多，充其量/尽可能,"[172, 173]",,0,0,1
162,しゅっぴ〈する〉,出費〈する〉,开销,[174],,0,0,1
163,あかじ,赤字,赤字/红色的字，校正部分,"[175, 176]",,0,0,1
164,たいきん,大金,一大笔钱,[177],,0,0,1
165,ぜいきん,税金,税金,[178],,0,0,1
166,おさめる,納める,缴纳,[179],,0,0,1
167,ふくむ,含む,含，包含,[180],,0,0,1
168,こうきょうりょうきん,公共料金,公共费,[181],,0,0,1
169,はらいこむ,払い込む,交付，缴纳,[182],,0,0,1
170,ひきおとし,引き落とし,从账户上扣款，划账,[183],,0,0,1
171,ですうりょう,手数料,手续费,[184],,0,0,1
172,だしいれ〈する〉,出し入れ〈する〉,存取,[185],,0,0,1
173,たかくつく,高くつく,花费大，不划算,[186],,0,0,1
174,ざんだか,残高,余额,[187],,0,0,1
175,せっせと,せっせと,孜孜不倦地,[188],,0,0,1
176,おおまかな,大まかな,粗枝大叶，粗略,[189],,0,0,1
177,さしひく,差し引く,扣除，抵扣,[190],,0,0,1
178,つとめる,努める,尽力，努力,[191],,0,0,1
179,たてかえる,立て替える,垫付，代付,[192],,0,0,1
180,えんじょ〈する〉,援助〈する〉,支援，支持,[193],,0,0,1
181,へんさい〈する〉,返済〈する〉,偿还，还债,[194],,0,0,1
182,あんてい〈する〉,安定〈する〉,稳定，安定/平稳,"[195, 196]",,0,0,1
183,すききらい,好き嫌い,偏好,[197],,0,0,1
184,こうぶつ,好物,喜爱的,[198],,0,0,1
185,あきる,飽きる,腻，厌烦,[199],,0,0,1
186,ものたりない,物足りない,美中不足，欠缺,[200],,0,0,1
187,ボリューム,ボリューム,分量/容量,"[201, 202]",,0,0,1
188,ひとくち,一口,一口/一点点,"[203, 204]",,0,0,1
189,かじる,かじる,咬,[205],,0,0,1
190,ひとたび,ひとたび,一旦，一次,[206],,0,0,1
191,うまい,うまい,好吃/厉害，高明,"[207, 208]",,0,0,1
192,いける,いける,会，能行/很好，擅长,"[209, 210]",,0,0,1
193,しぶい,渋い,涩/古朴，素雅,"[211, 212]",,0,0,1
194,くどい,くどい,过浓，太重/罗嗦，冗长,"[213, 214]",,0,0,1
195,ファミレス,ファミレス,家庭餐厅,[215],,0,0,1
196,フルコース,フルコース,西式全餐,[216],,0,0,1
197,オーダー〈する〉,オーダー〈する〉,点单,[217],,0,0,1
198,さいそく〈する〉,催促〈する〉,催促,[218],,0,0,1
199,かいけい〈する〉,会計〈する〉,付账，买单,[219],,0,0,1
200,バイキング,バイキング,西式自助餐,[220],,0,0,1
201,トレイ,トレイ,托盘,[221],,0,0,1
202,うつわ,器,"容器, 盛菜盘, 盛具",[222],,0,0,1
203,かさねる,重ねる,"堆叠, 重叠, 反复, 叠放","[223, 224]",,0,0,1
204,ずらり［と］,ずらり［と］,"排成一列, 成排, 排长队",[225],,0,0,1
205,しゅしょく,主食,主食,[226],,0,0,1
206,なま,生,"生的, 新鲜, 未加工",[227],,0,0,1
207,なまもの,生物,"生鲜食品, 生的东西",[228],,0,0,1
208,とくせい,特製,特制,[229],,0,0,1
209,そまつな,粗末な,简略，粗糙 / 粗暴，疏忽,"[230, 231]",,0,0,1
210,こうにゅう〈する〉,購入〈する〉,购买、购入,[232],,0,0,1
211,[お]かいどく,[お]買い得,划算、特价,[233],,0,0,1
212,てごろ,手頃,适合、称手,[234],,0,0,1
213,ねびき〈する〉,値引き〈する〉,打折,[235],,0,0,1
214,おまけ〈する〉,おまけ〈する〉,折扣、赠品,"[236, 237]",,0,0,1
215,へんぴん〈する〉,返品〈する〉,退货,[238],,0,0,1
216,へんきん〈する〉,返金〈する〉,退款,[239],,0,0,1
217,かかく,価格,价格,[240],,0,0,1
218,こうか,高価,高价,[241],,0,0,1
219,きんがく,金額,金额,[242],,0,0,1
220,かち,価値,价值,[243],,0,0,1
221,ひんしつ,品質,品质,[244],,0,0,1
222,しょうひぜい,消費税,消费税,[245],,0,0,1
223,オークション,オークション,拍卖,[246],,0,0,1
224,めいぶつ,名物,特产，名产,[247],,0,0,1
225,とりよせる,取り寄せる,调货，订购，让寄来,[248],,0,0,1
226,あつかう,扱う,销售，对待,"[249, 250]",,0,0,1
227,かいかえる,買い換える,更新，买新的,[251],,0,0,1
228,うりだす,売り出す,开始出售,[252],,0,0,1
229,チラシ,チラシ,传单,[253],,0,0,1
230,きりとる,切り取る,剪下，撕下,[254],,0,0,1
231,パック〈する〉,パック〈する〉,盒，包，面膜,"[255, 256]",,0,0,1
232,ほうそう〈する〉,包装〈する〉,包装,[257],,0,0,1
233,ししょく〈する〉,試食〈する〉,试吃,[258],,0,0,1
234,しちゃく〈する〉,試着〈する〉,试穿,[259],,0,0,1
235,わりあい[に],割合[に],比较,[260],,0,0,1
236,ダブる,ダブる,重复,[261],,0,0,1
237,よす,止す,停止,[262],,0,0,1
238,わりと,割と,比较,[263],,0,0,1
239,じつぶつ,実物,实物,[264],,0,0,1
240,つぶ,粒,粒，粒头,[265],,0,0,1
241,スペース,スペース,空间，区域,[266],,0,0,1
242,げんざい,現在,现在,[267],,0,0,1
243,かこ,過去,过去,[268],,0,0,1
244,ねんげつ,年月,年岁，岁月,[269],,0,0,1
245,つきひ,月日,日子，时间,[270],,0,0,1
246,にちじ,日時,日期时间,[271],,0,0,1
247,こんにち,今日,今天，现在,[272],,0,0,1
248,ねんだい,年代,年代，年纪,"[273, 274]",,0,0,1
249,ねんかん,年間,一年，年間,[275],,0,0,1
250,ねんじゅう,年中,一整年,"[276, 277]",,0,0,1
1547,ファストフード,,快餐食品,[0],,0,0,2
1548,てん,点,,[0],,0,0,2
1549,メニュー,,菜单,[0],,0,0,2
1550,だいひょうてきな,代表的な,代表性的,[0],,0,0,2
1551,フンバーガー,,汉堡包,[0],,0,0,2
1552,フライドポテト,,炸暮条,[0],,0,0,2
1553,スープ,,汤,[0],,0,0,2
1554,しゅるい,種類,,[0],,0,0,2
1555,~ちょうえん,~兆円,~万亿日元,[0],,0,0,2
1556,りゆう,理由,,[0],,0,0,2
1557,てがるに,手軽に,方便,[0],,0,0,2
1558,しかし,,但是,[0],,0,0,2
1559,このような,,这样的,[0],,0,0,2
1560,カロリー,,卡路里,[0],,0,0,2
1561,せいかつしゅうかんびょう,生活習慣病,,[0],,0,0,2
1562,ふやす,増やす,增加,[0],,0,0,2
1563,ひょうじする,表示する,标示,[0],,0,0,2
1564,てきとうな,適当な,恰当的,[0],,0,0,2
1565,たいじゅう,体重,,[0],,0,0,2
1566,おおくの,多くの,很多的,[0],,0,0,2
1567,でんとうてきな,伝統的な,传统的,[0],,0,0,2
1568,もっとも,最も,最,[0],,0,0,2
1569,ひじょうに,非常に,非常,[0],,0,0,2
1570,かんこうきゃく,観光客,,[0],,0,0,2
1571,しょくパン,食パン,白面包,[0],,0,0,2
1572,やきとり,焼き鳥,烤鸡肉串,[0],,0,0,2
1573,かいてんずし,回転ずし,回转寿司,[0],,0,0,2
1574,だいすきな,大好きな,非常喜欢的,[0],,0,0,2
1575,いちどに,一度に,一次,[0],,0,0,2
1576,あっというまに,あっという間に,转眼之间,[0],,0,0,2
1577,きかんげんてい,期間限定,限定期间,[0],,0,0,2
1578,ちゅうがく 2 ねんせい,中学 2 年生,初中二年级学生,[0],,0,0,2
1579,もったいない,,浪费,[0],,0,0,2
1580,むだづかい,無駄遣い,乱花钱,[0],,0,0,2
1581,けんこうグッズ,健康グッズ,健康用品,[0],,0,0,2
1582,すうねんまえ,数年前,几年前,[0],,0,0,2
1583,サムライ,,武士,[0],,0,0,2
1584,きくひん,作品,作品,[0],,0,0,2
1585,プォー,,河粉(越南面的一种),[0],,0,0,2
1586,ヌードル,,面条,[0],,0,0,2
1587,ストーブ,,炉子,[0],,0,0,2
1588,ガスコンロ,,煤气灶,[0],,0,0,2
1589,ゆれ,揺れ,摇晃,[0],,0,0,2
1590,ゆれがおさまる,揺れがおさまる,停止摇晃,[0],,0,0,2
1591,あわてる,慌てる,慌乱,[0],,0,0,2
1592,しょくりょう,食料,食品,[0],,0,0,2
1593,そのほか,その他,另外,[0],,0,0,2
1594,まんいち,万ー,万ー,[0],,0,0,2
1595,れんらくほうはほう,連絡方法,联系方法,[0],,0,0,2
1596,ひなんばしょ,避難場所,,[0],,0,0,2
1597,つなみちゅういほう,津波注意報,海啸警报,[0],,0,0,2
1598,ひなんくんれん,避難訓練,防灾训练,[0],,0,0,2
1599,ふしぎな,不思議な,不可思议,[0],,0,0,2
1600,こうふくかん,幸福感,幸福感,[0],,0,0,2
1601,こうふくかんをもつ,幸福感を持つ,有幸福感,[0],,0,0,2
1602,どんどん,,不断地,[0],,0,0,2
1603,おや,親,父母,[0],,0,0,2
1604,けいたいでんわ,携帯電話,手机,[0],,0,0,2
1605,スマートホン (スマホ),,智能手机,[0],,0,0,2
1606,ちょうさ,調査,,[0],,0,0,2
1607,しょうがくせい,小学生,,[0],,0,0,2
1608,パーセント,%,%,[0],,0,0,2
1609,ちゅうがくせい,中学生,,[0],,0,0,2
1610,せんよう,専用,,[0],,0,0,2
1611,タブレット,,平板电脑,[0],,0,0,2
1612,おとな,大人,成人,[0],,0,0,2
1613,ブランド,,品牌,[0],,0,0,2
1614,みかける,見かける,看到,[0],,0,0,2
1615,これら,,这些,[0],,0,0,2
1616,こうかな,高価な,昂贵的,[0],,0,0,2
1617,かず,数,数目,[0],,0,0,2
1618,ねんねん,年々,逐年,[0],,0,0,2
1619,おうさま,王様,皇帝,[0],,0,0,2
1620,わりあい,割合,比例,[0],,0,0,2
1621,~ぎょうめ,~行目,第~行,[0],,0,0,2
1622,こまった,困った,令人为难的,[0],,0,0,2
1623,ひとたち,人たち,人们,[0],,0,0,2
1624,あやまる,謝る,道歉,[0],,0,0,2
1625,サボる,,偷懒,[0],,0,0,2
1626,じゆう,自由,,[0],,0,0,2
1627,じゆうな,自由な,自由的,[0],,0,0,2
1628,たべほうだい,食べ放題,自助餐,[0],,0,0,2
1629,おに,鬼,鬼,[0],,0,0,2
1630,ぼう,棒,棒子,[0],,0,0,2
1631,おこる,怒る,生气,[0],,0,0,2
1632,ほっぺた,,脸颊,[0],,0,0,2
1633,また,,"另外,又",[0],,0,0,2
1634,あらわす,表す,表现,[0],,0,0,2
1635,せんもん,専門,专业,[0],,0,0,2
1636,なぜなら,,因为,[0],,0,0,2
1637,イメージ,,印象,[0],,0,0,2
1638,おとずれる,訪れる,访问,[0],,0,0,2
1639,りょこうしゃ,旅行者,旅游者,[0],,0,0,2
1640,じっさいに,実際に,实际上,[0],,0,0,2
1641,らいにちする,来日する,访日,[0],,0,0,2
1642,イメージをもつ,イメージを持つ,持有印象,[0],,0,0,2
1643,ひょう,表,表格,[0],,0,0,2
1644,ひとびと,人々,人们,[0],,0,0,2
1645,れいぎただしい,礼儀正しい,有礼貌,[0],,0,0,2
1646,ポイント,,"得分,分数",[0],,0,0,2
1647,~にくわえて,~に加えて,加上~,[0],,0,0,2
1648,だい~い,第~位,,[0],,0,0,2
1649,おもてなしのこころ,おもてなしの心,热情接待之诚意,[0],,0,0,2
1650,とし,都市,城市,[0],,0,0,2
1651,けいかん,景観,景观,[0],,0,0,2
1652,ユネスコむけいぶんかいさん,ユネスコ無形文化遺産,联合国教科文组织无形文化遗产,[0],,0,0,2
1653,とうろくする,登録する,注册,[0],,0,0,2
1654,こんご,今後,今后,[0],,0,0,2
1655,こうつうきかん,交通機関,交通机关,[0],,0,0,2
1656,はったつする,発達する,发达,[0],,0,0,2
1657,ちあんがいい,治安がいい,治安好,[0],,0,0,2
1658,せいかつすいじゅん,生活水準,生活水准,[0],,0,0,2
1659,ショッピング,,购物,[0],,0,0,2
1660,なっとう,納豆,,[0],,0,0,2
1661,グラフ,,图表,[0],,0,0,2
1662,ちょうしょくをとる,朝食をとる,吃早餐,[0],,0,0,2
1663,オレンジジュース,,橙汁,[0],,0,0,2
1664,いっきに,一気に,一下子,[0],,0,0,2
1665,がいしょくする,外食する,在外吃饭,[0],,0,0,2
1666,テーマパーク,,主题公园,[0],,0,0,2
1667,まんぞくする,満足する,满意,[0],,0,0,2
1668,わふく,和服,和服,[0],,0,0,2
1669,みんげいひん,民芸品,民间工艺品,[0],,0,0,2
1670,けしょうひん,化粧品,化妆品,[0],,0,0,2
1671,こうすい,香水,,[0],,0,0,2
1672,いやくひん,医薬品,药品,[0],,0,0,2
1673,ふくすうかいとう,複数回答,复数回答,[0],,0,0,2
1674,にほんしょく,日本食,日本料理,[0],,0,0,2
1675,かんこう,観光,,[0],,0,0,2
1676,かんこうち,観光地,旅游景点,[0],,0,0,2
1677,でんしきき,電子機器,,[0],,0,0,2
1678,ぎじゅつ,技術,,[0],,0,0,2
1679,ぎじゅつがすすむ,技術が進む,技术先进,[0],,0,0,2
1680,もじ,文字,,[0],,0,0,2
1681,~し,~市,,[0],,0,0,2
1682,てんどん,天丼,炸虾大碗盖饭,[0],,0,0,2
1683,カツどん,カツ丼,猪排盖浇饭,[0],,0,0,2
1684,あかるい,明るい,开朗,[0],,0,0,2
1685,ところ,,(好的/坏的) 地方,[0],,0,0,2
1686,しんせんな,新鮮な,新鲜的,[0],,0,0,2
1687,すいみん,睡眠,,[0],,0,0,2
1688,~すぎ,~過ぎ,~以后,[0],,0,0,2
1689,~ときがある,~時がある,有~的时候,[0],,0,0,2
1690,ストレッチする,,做伸展体操,[0],,0,0,2
1691,ひつじ,羊,羊,[0],,0,0,2
1692,そのた,その他,其他,[0],,0,0,2
1693,よなか,夜中,夜里,[0],,0,0,2
1694,めがさめる,目が覚める,(睡) 醒,[0],,0,0,2
1695,おそくまで,遅くまで,到很晚,[0],,0,0,2
1696,かつどうする,活動する,活动,[0],,0,0,2
1697,つうきん,通勤,上下班,[0],,0,0,2
1698,げんしょうする,減少する,减少,[0],,0,0,2
1699,からだのふちょう,体の不調,身体不舒服,[0],,0,0,2
1700,ふちょうをうったえる,不調を訴え,诉说不舒服,[0],,0,0,2
1701,しぜんに,自然に,自然地,[0],,0,0,2
1702,ひるま,昼間,白天,[0],,0,0,2
1703,うごかす,動かす,活动,[0],,0,0,2
1704,~にかんして,~に関して,关于~,[0],,0,0,2
1705,しんけいしつな,神経質な,神经质,[0],,0,0,2
1706,こえがよくでる,声がよく出る,出大声,[0],,0,0,2
1707,きけん,危険,危险,[0],,0,0,2
1708,むしあつい,蒸し暑い,闷热,[0],,0,0,2
1709,まんぞくど,満足度,满足程度,[0],,0,0,2
1710,くらしやすさ,暮らしやすさ,生活方便的程度,[0],,0,0,2
1711,かんきょう,環境,环境,[0],,0,0,2
1712,つゆ,梅雨,,[0],,0,0,2
1713,カップラーメン,,杯面,[0],,0,0,2
1714,できあがる,,做好,[0],,0,0,2
1715,よのなか,世の中,社会,[0],,0,0,2
1716,バカな,,"愚蠢的,糊涂的",[0],,0,0,2
1717,ねんまつ,年末,年底,[0],,0,0,2
1718,しゅうきょう,宗教,,[0],,0,0,2
1719,かんけいがある,関係がある,有关系,[0],,0,0,2
1720,サンダル,,凉鞋,[0],,0,0,2
1721,しんせいな,神聖な,神圣的,[0],,0,0,2
1722,しょくよく,食欲,,[0],,0,0,2
1723,しんろ,進路,(人生的) 发展方向、前进方向,[0],,0,0,2
1724,めんせつ,面接,面试,[0],,0,0,2
1725,しかた,,做法、方法,[0],,0,0,2
1726,ます,増す,增加,[0],,0,0,2
1727,ストレスがたまる,,精神疲劳蓄积,[0],,0,0,2
1728,うり,売り,卖点,[0],,0,0,2
1729,アンケートをとる,,做问卷调查,[0],,0,0,2
1730,いカメラ,胃カメラ,胃镜,[0],,0,0,2
1731,かんでんち,乾電池,干电池,[0],,0,0,2
1732,サインペン,,签字笔,[0],,0,0,2
1733,せんす,,扇子,[0],,0,0,2
1734,インスタントコーヒー,,速溶咖啡,[0],,0,0,2
1735,とうじ,当時,,[0],,0,0,2
1736,ちゅうもくする,注目する,关注,[0],,0,0,2
1737,とっきょ,特許,专利,[0],,0,0,2
1738,とっきょをとる,特許を取る,取得专利,[0],,0,0,2
1739,べつの,別の,别的,[0],,0,0,2
1740,けんさ,検査,检查,[0],,0,0,2
1741,せいじか,政治家,,[0],,0,0,2
1742,ていしゅつする,提出する,提交,[0],,0,0,2
1743,たんい,単位,学分,[0],,0,0,2
1744,たんいをとる,単位を取る,拿学分,[0],,0,0,2
1745,しかく,資格,资格,[0],,0,0,2
1746,しかくをとる,資格を取る,取得资格,[0],,0,0,2
1747,かいはつする,開発する,"开发,研制",[0],,0,0,2
1748,ダイナマイト,,炸药,[0],,0,0,2
1749,~し,～氏,～先生,[0],,0,0,2
1750,けんちくか,建築家,建筑师,[0],,0,0,2
1751,さいがいきゅうじょ,災害救助,救灾,[0],,0,0,2
1752,きぎょう,企業,企业,[0],,0,0,2
1753,おおあめ,大雨,,[0],,0,0,2
1754,しゃりょう,車両,车辆,[0],,0,0,2
1755,あんぜん,安全,,[0],,0,0,2
1756,こうかいする,後悔する,后悔,[0],,0,0,2
1757,すっかり,,完全,[0],,0,0,2
1758,すうがくぎらい,数学嫌い,不喜欢数学,[0],,0,0,2
1759,おもいびょうき,重い病気,重病,[0],,0,0,2
1760,たいがくする,退学する,退学,[0],,0,0,2
1761,もうべんきょうする,猛勉強する,拼命学习,[0],,0,0,2
1762,えいごにくろうする,英語に苦労する,"为英语费劲,伤神",[0],,0,0,2
1763,たいちょう,体調,身体状况,[0],,0,0,2
1764,スリッパ,,拖鞋,[0],,0,0,2
1765,ティッシュ,,面巾纸,[0],,0,0,2
1766,タグ,,标签,[0],,0,0,2
1767,ジャケット,,茄克衫,[0],,0,0,2
1768,たたみ,畳,榻榻米,[0],,0,0,2
1769,~えんさつ,~円札,~日元纸钞,[0],,0,0,2
1770,くしゃくしゃになる,,皱巴巴,[0],,0,0,2
1771,からからになる,,变干,[0],,0,0,2
1772,しん,,笔芯,[0],,0,0,2
1773,とがった,,尖,[0],,0,0,2
1774,なまえをつける,名前をつける,起名,[0],,0,0,2
1775,へんこうする,変更する,变更,[0],,0,0,2
1776,いまでは,今では,如今,[0],,0,0,2
1777,おんだんか,温暖化,温室效应,[0],,0,0,2
1778,さばくか,砂漠化,沙漠化,[0],,0,0,2
1779,じぶんたち,自分たち,我们自己,[0],,0,0,2
1780,まもる,守る,保护,[0],,0,0,2
1781,という~,,这样的~,[0],,0,0,2
1782,いしき,意識,,[0],,0,0,2
1783,いしきがうまれる,意識が生まれる,产生意识,[0],,0,0,2
1784,いぜん,以前,以前,[0],,0,0,2
1785,かんがえ,考え,想法,[0],,0,0,2
1786,リサイクルうんどう,リサイクル運動,循环利用活动,[0],,0,0,2
1787,のだ,,んです的普通形,[0],,0,0,2
1788,じゅうぶん,十分,还完全可以使用,[0],,0,0,2
1789,しちょうそん,市町村,市镇村,[0],,0,0,2
1790,~とよびかける,~と呼びかける,呼吁~,[0],,0,0,2
1791,しんぶんし,新聞紙,报纸,[0],,0,0,2
1792,こんかい,今回,这次,[0],,0,0,2
1793,じかい,次回,下次,[0],,0,0,2
1794,きゅうか,休暇,休假,[0],,0,0,2
1795,まえもって,,事先,[0],,0,0,2
1796,~じだい,~時代,,[0],,0,0,2
1797,エンジニア,,工程师,[0],,0,0,2
1798,けんしゅう,研修,进修,[0],,0,0,2
1799,おうえんソング,応援ソング,啦啦队歌,[0],,0,0,2
1800,めいしょ,名所,名胜,[0],,0,0,2
1801,ちゅうこ,中古,二手货,[0],,0,0,2
1802,ひがえりりょこう,日帰り旅行,一日游,[0],,0,0,2
1803,ためる,,"存,攒",[0],,0,0,2
1804,にほんごのうりょくしけん,日本語能力試験,日语能力考试,[0],,0,0,2
1805,がんしょ,願書,申请书,[0],,0,0,2
1806,デジタルカメラ,,数码照相机,[0],,0,0,2
1807,えいがかん,映画館,电影院,[0],,0,0,2
1808,おねがい,お願い,"愿望,希望",[0],,0,0,2
1809,せんもんがっこう,専門学校,专门学校,[0],,0,0,2
1810,そろえる,,备齐,[0],,0,0,2
1811,しようずみ,使用済み,用过的,[0],,0,0,2
1812,しょくようあぶら,食用油,,[0],,0,0,2
1813,ペットボトル,,PET 瓶,[0],,0,0,2
1814,ぎゅうにゅうパック,牛乳パック,牛奶盒,[0],,0,0,2
1815,コピーようし,コピビー用紙,复印纸,[0],,0,0,2
1816,トイレットペーパー,,卫生纸,[0],,0,0,2
1817,しげんごみ,資源ごみ,资源垃圾,[0],,0,0,2
1818,たとえば,例えば,例如,[0],,0,0,2
1819,リサイクルボックス,,循环使用资源回收箱,[0],,0,0,2
1820,あいづち,,点头附和,[0],,0,0,2
1821,うなずく,,点头,[0],,0,0,2
1822,あいず,合図,信号,[0],,0,0,2
1823,だから,,所以,[0],,0,0,2
1824,さんせいする,賛成する,赞成,[0],,0,0,2
1825,ふあんな,不安な,不安,[0],,0,0,2
1826,ごかいする,誤解する,误解,[0],,0,0,2
1827,だまる,黙る,不作声,[0],,0,0,2
1828,あいづちをうつ,あいづちを打つ,打帮腔,[0],,0,0,2
1829,さまざまな,,各种各样的,[0],,0,0,2
1830,おしゃべり,,聊天儿,[0],,0,0,2
1831,おんがくをながす,音楽を流す,放音乐,[0],,0,0,2
1832,はつげんする,発言する,发言,[0],,0,0,2
1833,うんてんめんきょ,運転免許,驾照,[0],,0,0,2
1834,うんてんめんきょをとる,運転免許を取る,拿驾照,[0],,0,0,2
1835,たずねる,訪ねる,访问,[0],,0,0,2
1836,うちのこ,うちの子,我家的孩子,[0],,0,0,2
1837,いわかん,違和感,不协调的感觉,[0],,0,0,2
1838,いわかんをもつ,違和感を持つ,抱有不协调的感觉,[0],,0,0,2
1839,がいしゅつする,外出する,外出,[0],,0,0,2
1840,きっさコーナー,喫茶コーナー,喝茶店,[0],,0,0,2
1841,ラーメン,,拉面,[0],,0,0,2
1842,かてい,家庭,家庭,[0],,0,0,2
1843,ごちそうになる,,被请吃饭,[0],,0,0,2
1844,アジアぶんがく,アジア文学,亚洲文学,[0],,0,0,2
1845,はくしろんぶん,博士論文,,[0],,0,0,2
1846,さっか,作家,,[0],,0,0,2
1847,ベストセラー,,畅销书,[0],,0,0,2
1848,れんらくしゅだん,連絡手段,联系工具,[0],,0,0,2
1849,オーケー,,OK,[0],,0,0,2
1850,みぶり,身振り,身体动作,[0],,0,0,2
1851,はんたいに,反対に,相反、反过来,[0],,0,0,2
1852,くび,首,头、膀子,[0],,0,0,2
1853,くびをふる,首を振る,摇头,[0],,0,0,2
1854,おとこ,男,,[0],,0,0,2
1855,おんな,女,,[0],,0,0,2
1856,じょせい,女性,,[0],,0,0,2
1857,しょくば,職場,,[0],,0,0,2
1858,だんせい,男性,,[0],,0,0,2
1859,かんごふ,看護婦,女护士,[0],,0,0,2
1860,ほぼ,保母,女保姆,[0],,0,0,2
1861,しょくぎょう,職業,,[0],,0,0,2
1862,めいしょう,名称,,[0],,0,0,2
1863,かんごし,看護師,护士,[0],,0,0,2
1864,ほいくし,保育士,保育员,[0],,0,0,2
1865,けんちく,建築,,[0],,0,0,2
1866,うんてんしゅ,運転手,驾驶员,[0],,0,0,2
1867,しゃしょう,車掌,乘务员、售票员,[0],,0,0,2
1868,だんじょ,男女,,[0],,0,0,2
1869,くべつ,区別,,[0],,0,0,2
1870,めをむける,目を向ける,往~看,[0],,0,0,2
1871,かじ,家事,家务,[0],,0,0,2
1872,ろうどう,労働,,[0],,0,0,2
1873,~ていど,~程度,~左右,[0],,0,0,2
1874,ちょうさけっか,調査結果,,[0],,0,0,2
1875,AではなくB,,不是A ，而是B,[0],,0,0,2
1876,すすんで,,主动,[0],,0,0,2
1877,ぶんたんする,分担する,分担,[0],,0,0,2
1878,ともばたらき,共働き,夫妇都工作,[0],,0,0,2
1879,しょくじづくり,食事作り,做饭,[0],,0,0,2
1880,けんちくげんば ,建築現場,建筑工地,[0],,0,0,2
1881,よびな,呼び名,称呼,[0],,0,0,2
1882,ふきゅう,普及,,[0],,0,0,2
1883,たいりょく,体力,,[0],,0,0,2
1884,げつ・すい・きん,月・水・金,星期一、星期三、星期五,[0],,0,0,2
1885,うむ,生む,生孩子,[0],,0,0,2
1886,ようび,曜日,星期,[0],,0,0,2
1887,しょうしか,少子化,,[0],,0,0,2
1888,ひとりぐらし,一人暮らし,独住,[0],,0,0,2
1889,めい,,"外甥女,侄女",[0],,0,0,2
1890,おい,,"外甥,侄子",[0],,0,0,2
1891,にがてな,苦手な,不擅长,[0],,0,0,2
1892,コック,,厨师,[0],,0,0,2
1893,しまぐに,島国,,[0],,0,0,2
1894,~にわかれる,~に分かれる,分为~,[0],,0,0,2
1895,なんぼくにながい,南北に長い,南北狭长,[0],,0,0,2
1896,ゆみ,弓,,[0],,0,0,2
1897,~のようなかたち,~のような形,像~一样的形状,[0],,0,0,2
1898,きこう,気候,,[0],,0,0,2
1899,おんだんな,温暖な,温暖的,[0],,0,0,2
1900,ちほう,地方,,[0],,0,0,2
1901,1 ねんじゅう,1 年中,整年,[0],,0,0,2
1902,どくとくな,独特な,独特的,[0],,0,0,2
1903,ぎょうじ,行事,活动,[0],,0,0,2
1904,たいりく,大陸,,[0],,0,0,2
1905,はんとう,半島,,[0],,0,0,2
1906,とうざい,東西,,[0],,0,0,2
1907,うき,雨季,,[0],,0,0,2
1908,かんき,乾季,旱季,[0],,0,0,2
1909,ねったい,熱帯,,[0],,0,0,2
1910,スコール,,热带风暴,[0],,0,0,2
1911,かくす,隠す,"藏,隐藏",[0],,0,0,2
1912,じょうし,上司,,[0],,0,0,2
1913,ちこくする,遅刻する,迟到,[0],,0,0,2
1914,ぶんべつする,分別する,分类,[0],,0,0,2
1915,ボランティアかつどう,ボランティア活動,志愿者活动,[0],,0,0,2
1916,いつまでも,,永远,[0],,0,0,2
1917,いくじきゅうか ,育児休暇,育婴假期,[0],,0,0,2
1918,ねぼうする,寝坊する,睡懒觉,[0],,0,0,2
1919,もんだいがうまれる,問題が生まれる,产生问题,[0],,0,0,2
1920,しかたがない,,没办法,[0],,0,0,2
1921,たしかに,確かに,确实,[0],,0,0,2
1922,りょうほう,両方,两方面,[0],,0,0,2
1923,したがって,,因此,[0],,0,0,2
1924,けいご,敬語,,[0],,0,0,2
1925,みだれる,乱れる,乱、混乱,[0],,0,0,2
1926,かんじる,感じる,感到,[0],,0,0,2
1927,しょくじのば,食事の場,吃饭的场合,[0],,0,0,2
1928,ほんらい,本来,本来、原本,[0],,0,0,2
1929,へんかする,変化する,变化,[0],,0,0,2
1930,きにする,気にする,介意,[0],,0,0,2
1931,このきかいに,この機会に,借此机会,[0],,0,0,2
1932,わだい,話題,,[0],,0,0,2
1933,ロケち,ロケ地,外景地,[0],,0,0,2
1934,こうちょうせんせい,校長先生,校长,[0],,0,0,2
1935,ふくこうちょうせんせい,副校長先生,副校长,[0],,0,0,2
1936,ていねいに,丁寧に,谨慎地,[0],,0,0,2
1937,クラスわけ,クラス分け,分班,[0],,0,0,2
1938,けっか,結果,,[0],,0,0,2
1939,いきかた,生き方,生活方式,[0],,0,0,2
1940,はなしあい,話し合い,商量、协商,[0],,0,0,2
1941,そうべつかい,送別会,欢送会,[0],,0,0,2
1942,わける,分ける,分开,[0],,0,0,2
1943,きょうじゅ,教授,,[0],,0,0,2
1944,つうしんはんばい,通信販売,邮购,[0],,0,0,2
1945,しょくひん,食品,,[0],,0,0,2
1946,あおいろエルイーディー,青色 LED,蓝色LED,[0],,0,0,2
1947,たんじかんに,短時間に,短时间,[0],,0,0,2
1948,マイカー,,私人汽车,[0],,0,0,2
1949,バスツアー,,巴士旅行,[0],,0,0,2
1950,カーシェアリング,,汽车共享,[0],,0,0,2
1951,そうちょうしゅっきんする,早朝出勤する,早晨提前上班,[0],,0,0,2
1952,とつぜん,突然,,[0],,0,0,2
1953,はなびら,花びら,花瓣,[0],,0,0,2
1954,まいおちる,舞い落ちる,飘落,[0],,0,0,2
1955,とぶ,飛ぶ,飞,[0],,0,0,2
1956,きしょうえいせい,気象衛星,,[0],,0,0,2
1957,じじつ,事実,,[0],,0,0,2
1958,あずかる ,預かる,存放,[0],,0,0,2
1959,そんけい,尊敬,,[0],,0,0,2
1960,けんじょう,謙譲,谦逊,[0],,0,0,2
1961,もはんてきな,模範的な,模范的,[0],,0,0,2
1962,しご,私語,,[0],,0,0,2
1963,いやがる,嫌がる,讨厌,[0],,0,0,2
1964,きょうかしょ,教科書,,[0],,0,0,2
1965,ひょうご,標語,,[0],,0,0,2
1966,～ようだった,,似乎~,[0],,0,0,2
251,ほんねん,本年,今年,[278],,0,0,1
252,にっちゅう,日中,白天,[279],,0,0,1
253,やかん,夜間,夜晚,[280],,0,0,1
254,ただいま,ただ今,现在，当前,[281],,0,0,1
255,さきほど,先ほど,刚才,[282],,0,0,1
256,ちかぢか,近々,近期，最近,[283],,0,0,1
257,ごじつ,後日,日后，将来,[284],,0,0,1
258,やがて,やがて,不久，马上,[285],,0,0,1
259,いずれ,いずれ,反正，终究,[286],,0,0,1
260,こんご,今後,今后,[287],,0,0,1
261,すでに,すでに,已经,[288],,0,0,1
262,あらかじめ,あらかじめ,事先，预先,[289],,0,0,1
263,じゅうらい,従来,以往，直到现在,[290],,0,0,1
264,あくる～,あくる～,第二，下个，次,[291],,0,0,1
265,いちじ,一時,短時間，一時,[292],,0,0,1
266,いっしょう,一生,一生，一輩子,"[293, 294]",,0,0,1
267,えいえんに,永遠に,永远,[295],,0,0,1
268,よあけ,夜明け,拂晓，黎明,[296],,0,0,1
269,きしょう〈する〉,起床〈する〉,起床,[297],,0,0,1
270,もたれる,もたれる,倚，依靠 / 不消化，积食,"[298, 299]",,0,0,1
271,フレッシュな,フレッシュな,新鲜，清新,[300],,0,0,1
272,にゅうせいひん,乳製品,乳制品,[301],,0,0,1
273,あらいもの,洗い物,洗东西,[302],,0,0,1
274,かかす,欠かす,缺，停止,[303],,0,0,1
275,はいたつ〈する〉,配達〈する〉,配送,[304],,0,0,1
276,みだし,見出し,目录、索引,[305],,0,0,1
277,いっさい（～ない）,一切（～ない）,完全、一切（都不）,[306],,0,0,1
278,あいま,合間,空闲间隙,[307],,0,0,1
279,てきぱき［と］（する）,てきぱき［と］（する）,利落、爽快,[308],,0,0,1
280,ま,間,间隙、时间,[309],,0,0,1
281,しゅうへん,周辺,周边,[310],,0,0,1
282,しゅうい,周囲,周囲,[311],,0,0,1
283,あと,あと,剩下的,[312],,0,0,1
284,すれちがう,すれ違う,擦过、交错,[313],,0,0,1
285,はう,はう,趴,[314],,0,0,1
286,かえる,替える,换，更换,[315],,0,0,1
287,ととのえる,整える,整理，备齐,"[316, 317]",,0,0,1
288,ろくに（～ない）,ろくに（～ない）,（不能）很好地,[318],,0,0,1
289,めりはり,めりはり,"张弛,节奏",[319],,0,0,1
290,なんども,何度も,好几次,[320],,0,0,1
291,ほぼ,ほぼ,基本上，大致,[321],,0,0,1
292,よりみち〈する〉,寄り道〈する〉,顺道去,[322],,0,0,1
293,しょくもつ,食物,食物,[323],,0,0,1
294,かんき,換気,换气，通风,[324],,0,0,1
295,いったん,いったん,姑且，暂且,[325],,0,0,1
296,ものほし,物干し,晒台,[326],,0,0,1
297,しょくたく,食卓,饭桌、餐桌,[327],,0,0,1
298,あとまわし,後回し,推迟,[328],,0,0,1
299,けずる,削る,减少 / 削,"[329, 330]",,0,0,1
300,かなえる,かなえる,实现,[331],,0,0,1
301,ちょうせつ〈する〉,調節〈する〉,调节,[332],,0,0,1
302,ゆったり[と]〈する〉,ゆったり[と]〈する〉,悠闲 / 宽松,"[333, 334]",,0,0,1
303,うりかい〈する〉,売り買い〈する〉,买卖，做生意,[335],,0,0,1
304,おもいうかべる,思い浮かべる,想起，忆起,[336],,0,0,1
305,ひとりごと,独り言,自言自语,[337],,0,0,1
306,ふろば,風呂場,浴室,[338],,0,0,1
307,かぐ,かぐ,嗅，闻,[339],,0,0,1
308,ねつき,寝つき,睡眠，入睡,[340],,0,0,1
309,ようじん〈する〉,用心〈する〉,小心，警惕,[341],,0,0,1
310,メッセージ,メッセージ,消息，留言,[342],,0,0,1
311,すいじ〈する〉,炊事〈する〉,做饭、烹饪,[343],,0,0,1
312,こんだて,献立,食谱,[344],,0,0,1
313,リクエスト〈する〉,リクエスト〈する〉,要求,[345],,0,0,1
314,ながし,流し,洗碗池,[346],,0,0,1
315,ちぎる,ちぎる,撕成小块、撕碎,[347],,0,0,1
316,さます,冷ます,冷却、弄凉,[348],,0,0,1
317,にえる,煮える,煮熟、煮烂,[349],,0,0,1
318,あじつけ〈する〉,味付け〈する〉,调味,[350],,0,0,1
319,うすめる,薄める,稀释，弄淡,[351],,0,0,1
320,あまみ,甘み,甜味，甜度,[352],,0,0,1
321,くふう〈する〉,工夫〈する〉,工夫,[353],,0,0,1
322,そえる,添える,添加,[354],,0,0,1
323,はさむ,挟む,夹入，插入,[355],,0,0,1
324,かげん〈する〉,加減〈する〉,程度,[356],,0,0,1
325,かたまる,固まる,凝固,[357],,0,0,1
326,なめる,なめる,舔，尝,[358],,0,0,1
327,くさい,臭い,臭，有异味,[359],,0,0,1
328,さめる,冷める,变冷，凉,[360],,0,0,1
329,よぶんな,余分な,多余，剩余,[361],,0,0,1
330,ようき,容器,容器,[362],,0,0,1
331,しょうみきげん,賞味期限,保质期（美味享用的期限）,[363],,0,0,1
332,てづくり,手作り,手工制作,[364],,0,0,1
333,もてなす,もてなす,招待，请客,[365],,0,0,1
334,もれる,もれる,漏 / 泄露,"[366, 367]",,0,0,1
335,ごちゃごちゃ（な/する）,ごちゃごちゃ（な/する）,乱七八糟,[368],,0,0,1
336,もと,元,"原来, 原状 / 开始, 起初","[369, 370]",,0,0,1
337,じどうてきな,自動的な,自动的,[371],,0,0,1
338,さっと,さっと,"突然, 瞬间",[372],,0,0,1
339,せいそう〈する〉,清掃〈する〉,清扫,[373],,0,0,1
340,とりのぞく,取り除く,去掉，除掉,[374],,0,0,1
341,そざい,素材,材料，面料,[375],,0,0,1
342,ひょうじ,表示,标示,[376],,0,0,1
343,ぶんるい〈する〉,分類〈する〉,分类,[377],,0,0,1
344,すすぐ,すすぐ,漂洗，洗涮 / 漱，洗漱,"[378, 379]",,0,0,1
345,ネット,ネット,网,[380],,0,0,1
346,きゅうしゅう〈する〉,吸収〈する〉,吸收,[381],,0,0,1
347,どろ,泥,泥,[382],,0,0,1
348,ちえ,知恵,智慧,[383],,0,0,1
349,かねんごみ,可燃ごみ,可燃垃圾,[384],,0,0,1
350,しげんごみ,資源ごみ,资源垃圾,[385],,0,0,1
351,そだいごみ,粗大ごみ,粗大垃圾,[386],,0,0,1
352,ふるしんぶん,古新聞,旧报纸,[387],,0,0,1
353,ぶんべつ〈する〉,分別〈する〉,分开，分类,[388],,0,0,1
354,ごみぶくろ,ごみ袋,垃圾袋,[389],,0,0,1
355,なまぐさい,生臭い,腥，腥臭,[390],,0,0,1
356,だいしょう,大小,大小,[391],,0,0,1
357,しゃぶる,しゃぶる,含，吮,[392],,0,0,1
358,おむつ,おむつ,尿布,[393],,0,0,1
359,ふたご,双子,双胞胎,[394],,0,0,1
360,いるい,衣類,衣服，衣裳,[395],,0,0,1
361,いれかえる,入れ替える,更换,[396],,0,0,1
362,くるう,狂う,发疯，疯狂 / 混乱，打乱,"[397, 398]",,0,0,1
363,しょぶん（する）,処分（する）,"处罚, 处分, 处理","[399, 400]",,0,0,1
364,ふようひん,不用品,无用的东西 / 不用品,[401],,0,0,1
365,はがす,はがす,"剥下 / 撕下, 揭下, 剥离",[402],,0,0,1
366,たば,束,"捆, 束",[403],,0,0,1
367,しばる,しばる,"绑, 捆, 扎",[404],,0,0,1
368,だんボール,段ボール,纸箱 / 硬纸板箱,[405],,0,0,1
369,ガムテープ,ガムテープ,"胶带 / 牛皮胶带, 封箱胶带",[406],,0,0,1
370,おしこむ,押し込む,塞入,[407],,0,0,1
371,リスト,リスト,名单,[408],,0,0,1
372,ひっかかる,引っ掛かる,"卡住, 中计, 受骗","[409, 410]",,0,0,1
373,もちあげる,持ち上げる,举起来，拿起来,[411],,0,0,1
374,かつぐ,担ぐ,担，扛,[412],,0,0,1
375,くたびれる,くたびれる,累，疲；用旧,"[413, 414]",,0,0,1
376,すきま,すき間,间隙，缝隙,[415],,0,0,1
377,なかみ,中身,内容，里面装的东西,[416],,0,0,1
378,さっさと〈する〉,さっさと〈する〉,迅速地,[417],,0,0,1
379,つるす,つるす,挂，吊,[418],,0,0,1
380,まさに,まさに,实在，真正；正当,"[419, 420]",,0,0,1
381,いごこち,居心地,心情，感觉,[421],,0,0,1
382,いっぺん〈する〉,一変〈する〉,完全改变,[422],,0,0,1
383,アンテナ,アンテナ,天线；搜寻信息的能力,"[423, 424]",,0,0,1
384,いっそ,いっそ,干脆，索性,[425],,0,0,1
385,まち,街,街道,[426],,0,0,1
386,とし,都市,城市,[427],,0,0,1
387,したまち,下町,庶民区，平民区,[428],,0,0,1
388,とち,土地,土地,[429],,0,0,1
389,かっき,活気,生机，活力,[430],,0,0,1
390,ひとどおり,人通り,人流量,[431],,0,0,1
391,たえる,絶える,消失，断绝,[432],,0,0,1
392,さか,坂,坡道,[433],,0,0,1
393,あたり,辺り,附近，一带,[434],,0,0,1
394,ふきん,付近,附近,[435],,0,0,1
395,じゅうたく,住宅,住宅,[436],,0,0,1
396,ちく,地区,地区,[437],,0,0,1
397,エリア,エリア,区域,[438],,0,0,1
398,ちゅうかん,中間,之间，中途,[439],,0,0,1
399,さかい,境,边界，交界,[440],,0,0,1
400,ななめ〈な〉,斜め〈な〉,倾斜,[441],,0,0,1
401,ちゅうせん〈する〉,抽選〈する〉,抽签、抽奖,[442],,0,0,1
402,ひなん〈する〉,避難〈する〉,避难,[443],,0,0,1
403,くんれん〈する〉,訓練〈する〉,训练,[444],,0,0,1
404,みまわる,見回る,巡逻、巡视,[445],,0,0,1
405,きずく,築く,修缮、建立,[446],,0,0,1
406,けんとう,見当,估计，推断,[447],,0,0,1
407,らくがき〈する〉,落書き〈する〉,涂鸦、乱涂乱画,[448],,0,0,1
408,きょうか,強化,强化,[449],,0,0,1
409,じちたい,自治体,自治团体,[450],,0,0,1
410,ちじ,知事,首长，知事,[451],,0,0,1
411,こたえる,応える,响应，回应,[452],,0,0,1
412,じゅうみん,住民,居民，住民,[453],,0,0,1
413,みぶんしょうめいしょ,身分証明書,身份证,[454],,0,0,1
414,せいねんがっぴ,生年月日,出生日期,[455],,0,0,1
415,しょめい〈する〉,署名〈する〉,署名，签名,[456],,0,0,1
416,しゅうせい〈する〉,修正〈する〉,修改,[457],,0,0,1
417,ねんきん,年金,养老金,[458],,0,0,1
418,しせつ,施設,设施,[459],,0,0,1
419,ロッカー,ロッカー,锁柜,[460],,0,0,1
420,けんちく〈する〉,建築〈する〉,建造,[461],,0,0,1
421,リニューアル〈する〉,リニューアル〈する〉,翻新，改装,[462],,0,0,1
422,ちかづける,近づける,靠近,[463],,0,0,1
423,ふくし,福祉,福利、福祉,[464],,0,0,1
424,ねんど,年度,年度,[465],,0,0,1
425,こうたい〈する〉,交替〈する〉,轮流、交替,[466],,0,0,1
426,しゅうしゅう〈する〉,収集〈する〉,收集、回收,[467],,0,0,1
427,はいふ〈する〉,配布〈する〉,配发,[468],,0,0,1
428,しょり〈する〉,処理〈する〉,处理,[469],,0,0,1
429,じゅよう,需要,需求,[470],,0,0,1
430,ていきょう〈する〉,提供〈する〉,提供,[471],,0,0,1
431,ようと,用途,用途,[472],,0,0,1
432,こきょう,故郷,故乡，老家,[473],,0,0,1
433,じもと,地元,本地，当地；家附近,"[474, 475]",,0,0,1
434,はなれる,離れる,离开；距离远,"[476, 477]",,0,0,1
435,つかむ,つかむ,抓住；获得；抓住，揪住,"[478, 479]",,0,0,1
436,きせい〈する〉,帰省〈する〉,回家乡,[480],,0,0,1
437,アクセス〈する〉,アクセス〈する〉,交通；访问，上网,"[481, 482]",,0,0,1
438,かいぜん〈する〉,改善〈する〉,改善,[483],,0,0,1
439,ぎょうじ,行事,仪式、活动,[484],,0,0,1
440,はるか〈な〉,はるか〈な〉,远远,[485],,0,0,1
441,ほこり,誇り,荣耀，骄傲,[486],,0,0,1
442,のる,載る,刊登,[487],,0,0,1
443,せんでん〈する〉,宣伝〈する〉,宣传,[488],,0,0,1
444,さくせい〈する〉,作成〈する〉,制作,[489],,0,0,1
445,みなれる,見慣れる,看惯,[490],,0,0,1
446,きんこう,近郊,近郊,[491],,0,0,1
447,えがく,描く,描绘；画,"[492, 493]",,0,0,1
448,わかもの,若者,年轻人,[494],,0,0,1
449,Uターン〈する〉,Uターン〈する〉,回老家工作；调头,"[495, 496]",,0,0,1
450,いきき〈する〉,行き来〈する〉,往返，来往,[497],,0,0,1
451,になう,担う,肩负，承担,[498],,0,0,1
452,いきさき,行き先,目的地,[142],,0,0,1
453,ほうめん,方面,方向，开往,[499],,0,0,1
454,いきかえり,行き帰り,往返,[500],,0,0,1
455,おうだん〈する〉,横断〈する〉,穿过，横穿,[501],,0,0,1
456,つうこう〈する〉,通行〈する〉,通行,[502],,0,0,1
457,ほこうしゃ,歩行者,行人,[503],,0,0,1
458,たえず,絶えず,不断，无休止,[504],,0,0,1
459,しゅだん,手段,手段、方式,[505],,0,0,1
460,こうきょう,公共,公共,[506],,0,0,1
461,うんちん,運賃,车费,[507],,0,0,1
462,つかまる,つかまる,抓，握,[508],,0,0,1
463,アナウンス〈する〉,アナウンス〈する〉,广播、报告,[509],,0,0,1
464,みあわせる,見合わせる,推迟、延缓,[510],,0,0,1
465,みだれる,乱れる,紊乱、混乱；不规范、乱七八糟,"[511, 512]",,0,0,1
